epoch,binary_crossentropy,dice_coef,learning_rate,loss,precision,recall,val_binary_crossentropy,val_dice_coef,val_loss,val_precision,val_recall
0,0.6230396628379822,0.15124915540218353,0.0010000000474974513,2.1720595359802246,0.09474251419305801,0.19958621263504028,0.6869702339172363,0.1314876526594162,1.7743794918060303,0.062142957001924515,0.22318075597286224
1,0.4986684322357178,0.2141025960445404,0.0010000000474974513,1.6822619438171387,0.2488255351781845,0.38731566071510315,0.6875909566879272,0.1324082463979721,1.7714316844940186,0.0762472003698349,0.34510838985443115
2,0.46961674094200134,0.26329898834228516,0.0010000000474974513,1.5204453468322754,0.32596397399902344,0.6058910489082336,0.6963087320327759,0.13654713332653046,1.7625466585159302,0.10916426032781601,0.9555739164352417
3,0.46428176760673523,0.28478312492370605,0.0010000000474974513,1.4623517990112305,0.3351817727088928,0.6674028038978577,0.6889255046844482,0.1393211930990219,1.7478644847869873,0.11284594237804413,0.995110273361206
4,0.4483557939529419,0.31700050830841064,0.0010000000474974513,1.409913420677185,0.3592333197593689,0.6849875450134277,0.675382673740387,0.14155489206314087,1.7311878204345703,0.1154615581035614,0.9946919083595276
5,0.4391658306121826,0.3277009129524231,0.0010000000474974513,1.3423668146133423,0.3634549379348755,0.7444124221801758,0.6578516960144043,0.14522697031497955,1.7072453498840332,0.11897320300340652,0.9890584945678711
6,0.43533021211624146,0.33437323570251465,0.0010000000474974513,1.2953643798828125,0.3541584610939026,0.7772602438926697,0.6460447311401367,0.15057343244552612,1.6821308135986328,0.11710590869188309,0.9945989847183228
7,0.4173841178417206,0.3730071783065796,0.0010000000474974513,1.237652063369751,0.3927631974220276,0.8061174750328064,0.6541271209716797,0.15594974160194397,1.6711007356643677,0.11517812311649323,0.9983360171318054
8,0.4143497347831726,0.36877304315567017,0.0010000000474974513,1.2283494472503662,0.3870616853237152,0.7998136878013611,0.653813898563385,0.15939085185527802,1.6607401371002197,0.11585500091314316,0.9972111582756042
9,0.4146959185600281,0.36894428730010986,0.0010000000474974513,1.2341656684875488,0.3926066756248474,0.7785446047782898,0.6268070340156555,0.15825888514518738,1.6460375785827637,0.1380803883075714,0.9572193622589111
10,0.40107429027557373,0.40057286620140076,0.0010000000474974513,1.1778357028961182,0.42235684394836426,0.8125870823860168,0.6101248264312744,0.1600629985332489,1.629790186882019,0.17791861295700073,0.8998624086380005
11,0.37874317169189453,0.4108479619026184,0.0010000000474974513,1.148097276687622,0.44929662346839905,0.8021586537361145,0.6339300870895386,0.1664772480726242,1.6277763843536377,0.1292368322610855,0.9729669690132141
12,0.36716926097869873,0.4309888184070587,0.0010000000474974513,1.135216236114502,0.48842477798461914,0.7913841605186462,0.6498399972915649,0.1716579794883728,1.6261391639709473,0.12016619741916656,0.9883148074150085
13,0.3691904544830322,0.41983526945114136,0.0010000000474974513,1.1235523223876953,0.45853978395462036,0.80206698179245,0.6753911375999451,0.17586027085781097,1.6346542835235596,0.117361880838871,0.9937902092933655
14,0.3639047145843506,0.41810083389282227,0.0010000000474974513,1.109013557434082,0.4539949893951416,0.8100846409797668,0.6792813539505005,0.1788167953491211,1.6309938430786133,0.11814899742603302,0.99239581823349
15,0.3551420271396637,0.43952473998069763,0.0010000000474974513,1.0916249752044678,0.48894158005714417,0.8076806664466858,0.6839733719825745,0.18153759837150574,1.6289026737213135,0.11909084767103195,0.989067792892456
16,0.35112303495407104,0.4391988515853882,0.0010000000474974513,1.083128809928894,0.4808877110481262,0.8103954792022705,0.6554600596427917,0.1820419728755951,1.6078907251358032,0.12270253151655197,0.973915159702301
17,0.3510596752166748,0.4337928593158722,0.0010000000474974513,1.0857877731323242,0.4722376763820648,0.8056702613830566,0.6533602476119995,0.1877322793006897,1.5905675888061523,0.12379134446382523,0.9723441004753113
18,0.3310433030128479,0.44049859046936035,0.0010000000474974513,1.0760045051574707,0.5122182965278625,0.7894326448440552,0.631264328956604,0.19211627542972565,1.5627456903457642,0.12842105329036713,0.9582047462463379
19,0.32356852293014526,0.45315706729888916,0.0010000000474974513,1.0482141971588135,0.5220467448234558,0.7991265058517456,0.6392993927001953,0.19694770872592926,1.555967926979065,0.13105721771717072,0.9543375372886658
20,0.3155236840248108,0.46097585558891296,0.0010000000474974513,1.030870795249939,0.5341010689735413,0.8037941455841064,0.7261670827865601,0.19927559792995453,1.616269588470459,0.12594899535179138,0.9692763686180115
21,0.3041730523109436,0.4960446357727051,0.0010000000474974513,1.0080642700195312,0.5806891918182373,0.8028649687767029,0.7820395231246948,0.2006552368402481,1.6597156524658203,0.12479346990585327,0.9675379991531372
22,0.3093198239803314,0.4704957604408264,0.0010000000474974513,1.004535436630249,0.5298040509223938,0.8174306750297546,0.7370343804359436,0.2026335597038269,1.6211156845092773,0.12748229503631592,0.947551429271698
23,0.3072167634963989,0.48018258810043335,0.0010000000474974513,1.015851378440857,0.5406604409217834,0.8017492890357971,0.6260583996772766,0.203095480799675,1.5359656810760498,0.13513219356536865,0.9101625084877014
24,0.3269018828868866,0.46719446778297424,0.0010000000474974513,1.0252739191055298,0.49196356534957886,0.8233852386474609,0.5977749824523926,0.20313626527786255,1.5143488645553589,0.14197592437267303,0.8982077240943909
25,0.30002522468566895,0.4738510847091675,0.0010000000474974513,0.9767532348632812,0.5200487375259399,0.8297905921936035,0.5905411243438721,0.20316879451274872,1.5098884105682373,0.144691601395607,0.8873034119606018
26,0.31225383281707764,0.4664182662963867,0.0010000000474974513,1.004567265510559,0.4999544620513916,0.8229451775550842,0.6085560917854309,0.19852405786514282,1.5376102924346924,0.13870812952518463,0.8734335899353027
27,0.2965603172779083,0.49665001034736633,0.0010000000474974513,0.9923511743545532,0.5597353577613831,0.8049172163009644,0.6542096138000488,0.1924983561038971,1.5902519226074219,0.12997618317604065,0.8738147616386414
28,0.2808563709259033,0.5021555423736572,0.0010000000474974513,0.9671788215637207,0.5800516605377197,0.8022037744522095,0.7374159693717957,0.19559602439403534,1.6471312046051025,0.12573444843292236,0.8991652131080627
29,0.2770659923553467,0.5142370462417603,0.0010000000474974513,0.9571763277053833,0.5863934755325317,0.8058519959449768,0.7248785495758057,0.1971971094608307,1.63323175907135,0.12848399579524994,0.8897575736045837
30,0.26950007677078247,0.5089657306671143,0.0010000000474974513,0.9251527786254883,0.5727198123931885,0.8254064321517944,0.6231266260147095,0.20076975226402283,1.5465912818908691,0.14366623759269714,0.849384605884552
31,0.27673161029815674,0.4948880076408386,0.0010000000474974513,0.9460872411727905,0.5497585535049438,0.8190596103668213,0.510000467300415,0.2058260440826416,1.4598047733306885,0.23171623051166534,0.7432789206504822
32,0.285198837518692,0.5061130523681641,0.0010000000474974513,0.959925651550293,0.5510996580123901,0.815121054649353,0.4690452814102173,0.20771460235118866,1.4337146282196045,0.3237146735191345,0.6640947461128235
33,0.28335097432136536,0.5150484442710876,0.0010000000474974513,0.9506169557571411,0.5585746765136719,0.8178285360336304,0.44067463278770447,0.20651282370090485,1.4222930669784546,0.3981088101863861,0.5941137075424194
34,0.2708396911621094,0.49155473709106445,0.0010000000474974513,0.9477514624595642,0.551214873790741,0.8079232573509216,0.45460957288742065,0.2149028331041336,1.4024455547332764,0.39323151111602783,0.6835235953330994
35,0.26272809505462646,0.5016971826553345,0.0010000000474974513,0.9485077261924744,0.5713223218917847,0.7958616018295288,0.4661574065685272,0.21871286630630493,1.3956718444824219,0.4051579236984253,0.7379522323608398
36,0.255527526140213,0.5278352499008179,0.0010000000474974513,0.9124261140823364,0.5970637202262878,0.8125850558280945,0.4636158347129822,0.21862047910690308,1.395613193511963,0.3961832821369171,0.7250678539276123
37,0.27356845140457153,0.48042377829551697,0.0010000000474974513,0.9433526992797852,0.5182097554206848,0.821692168712616,0.46868228912353516,0.21892961859703064,1.399233102798462,0.3571908175945282,0.7270293235778809
38,0.2585822641849518,0.5244612693786621,0.0010000000474974513,0.9100881814956665,0.5753843188285828,0.8202835917472839,0.4582870304584503,0.21255478262901306,1.41434645652771,0.35274970531463623,0.6568623781204224
39,0.25832679867744446,0.5156481266021729,0.0010000000474974513,0.915350615978241,0.5653550624847412,0.8159838914871216,0.4619815945625305,0.20662879943847656,1.4347572326660156,0.3251616656780243,0.6216859221458435
40,0.2574908435344696,0.5329116582870483,0.0010000000474974513,0.8971632719039917,0.5734793543815613,0.8260555267333984,0.4484272003173828,0.20538774132728577,1.432523488998413,0.35458827018737793,0.5782545804977417
41,0.2524319887161255,0.5406590104103088,0.0010000000474974513,0.9000695943832397,0.5908508896827698,0.8173800110816956,0.43072664737701416,0.20924249291419983,1.4149492979049683,0.3965858519077301,0.5533038377761841
42,0.24304483830928802,0.5580009818077087,0.0010000000474974513,0.8869374990463257,0.622196614742279,0.8111152648925781,0.4032334089279175,0.21476083993911743,1.39031183719635,0.47946229577064514,0.5003439784049988
43,0.2570846974849701,0.5347145795822144,0.0010000000474974513,0.9134150147438049,0.5767942070960999,0.8122318387031555,0.3826894164085388,0.22908444702625275,1.3470698595046997,0.501068651676178,0.5404844880104065
44,0.2520718276500702,0.5248535871505737,0.0010000000474974513,0.9083513021469116,0.5623471736907959,0.8105664253234863,0.35897570848464966,0.23930290341377258,1.3154460191726685,0.5296754837036133,0.5436545014381409
45,0.24974817037582397,0.5338020324707031,0.0010000000474974513,0.8862683773040771,0.5621524453163147,0.8288996815681458,0.3331506848335266,0.2411394566297531,1.3086267709732056,0.5638663172721863,0.4790651798248291
46,0.25850817561149597,0.5254881381988525,0.0010000000474974513,0.8878401517868042,0.5406936407089233,0.8425495028495789,0.30787625908851624,0.24168938398361206,1.3092501163482666,0.584536075592041,0.4017123281955719
47,0.2488665133714676,0.5442886352539062,0.0010000000474974513,0.8919404149055481,0.5807538628578186,0.8217562437057495,0.30655819177627563,0.24005064368247986,1.3161191940307617,0.5802615880966187,0.385165274143219
48,0.24550478160381317,0.5407742261886597,0.0010000000474974513,0.8790957927703857,0.5730698108673096,0.8259132504463196,0.31809258460998535,0.24575397372245789,1.3004302978515625,0.5788664221763611,0.45848360657691956
49,0.23242831230163574,0.5623401403427124,0.0010000000474974513,0.8462104201316833,0.6090060472488403,0.8293920159339905,0.32284730672836304,0.2433421015739441,1.3104872703552246,0.5512946844100952,0.46333616971969604
50,0.24618959426879883,0.5274732708930969,0.0010000000474974513,0.8818460702896118,0.5530926585197449,0.8242928385734558,0.3173757791519165,0.24054446816444397,1.3216221332550049,0.5446494817733765,0.4368051290512085
51,0.2256244421005249,0.5701438188552856,0.0010000000474974513,0.8436886072158813,0.6203669309616089,0.8219630718231201,0.31378698348999023,0.23268365859985352,1.3464245796203613,0.5467038154602051,0.3827669024467468
52,0.23209187388420105,0.5449281930923462,0.0010000000474974513,0.8528314828872681,0.5848627090454102,0.8270748853683472,0.32359400391578674,0.22515954077243805,1.3707671165466309,0.5226668119430542,0.3670843839645386
53,0.2373032569885254,0.5254813432693481,0.0010000000474974513,0.8864837288856506,0.5619661211967468,0.8073745369911194,0.344247043132782,0.22281856834888458,1.3840336799621582,0.45077741146087646,0.40238165855407715
54,0.22462409734725952,0.5699481964111328,0.0010000000474974513,0.8513575792312622,0.6210085153579712,0.8150217533111572,0.33792293071746826,0.22975942492485046,1.36464262008667,0.438586562871933,0.42495259642601013
55,0.20900161564350128,0.5891215205192566,0.0010000000474974513,0.8232556581497192,0.6608161926269531,0.8110306262969971,0.2908797562122345,0.22906075417995453,1.368269681930542,0.5677170753479004,0.3110010027885437
56,0.2159501314163208,0.5745546817779541,0.0010000000474974513,0.8308178782463074,0.627327024936676,0.8180243372917175,0.2567855715751648,0.23395667970180511,1.3694767951965332,0.6024702787399292,0.25710222125053406
57,0.23860082030296326,0.5603477358818054,0.0010000000474974513,0.8547223806381226,0.5814996957778931,0.8280066847801208,0.23777370154857635,0.25145262479782104,1.3351061344146729,0.6613372564315796,0.2768564224243164
58,0.2344990223646164,0.5487063527107239,0.0010000000474974513,0.862321138381958,0.5767505764961243,0.8218013048171997,0.2341717779636383,0.2752964496612549,1.2797298431396484,0.6783308386802673,0.3557245433330536
59,0.2321125566959381,0.5591692924499512,0.0010000000474974513,0.8527400493621826,0.5814002752304077,0.8247232437133789,0.2374129742383957,0.2863425016403198,1.25862455368042,0.642253577709198,0.4084148406982422
60,0.2222193479537964,0.5705646276473999,0.0010000000474974513,0.8327749967575073,0.6045518517494202,0.8277994990348816,0.23968103528022766,0.2741602659225464,1.3003523349761963,0.6404543519020081,0.3658387064933777
61,0.21186280250549316,0.5976420640945435,0.0010000000474974513,0.7965325117111206,0.6346369385719299,0.8385145664215088,0.24140894412994385,0.26200300455093384,1.339598298072815,0.6309345364570618,0.32429441809654236
62,0.2192692905664444,0.5715619921684265,0.0010000000474974513,0.8181065917015076,0.5966181755065918,0.833267331123352,0.2456154227256775,0.2553557753562927,1.354912281036377,0.6291584968566895,0.31539806723594666
63,0.23276109993457794,0.5658714771270752,0.0010000000474974513,0.842985212802887,0.5778019428253174,0.8315503001213074,0.24719691276550293,0.2692035138607025,1.3072471618652344,0.6245504021644592,0.37128621339797974
64,0.2182878851890564,0.5897757411003113,0.0010000000474974513,0.8244178891181946,0.6213329434394836,0.8224307298660278,0.24531614780426025,0.2897018492221832,1.2470829486846924,0.6127049326896667,0.44571077823638916
65,0.21047089993953705,0.585883617401123,0.0010000000474974513,0.8181873559951782,0.6275059580802917,0.821166455745697,0.23759077489376068,0.29463231563568115,1.238722562789917,0.6414845585823059,0.4391198456287384
66,0.21240690350532532,0.5896681547164917,0.0010000000474974513,0.8029821515083313,0.6192425489425659,0.8303324580192566,0.23346032202243805,0.28191542625427246,1.2801270484924316,0.6760640144348145,0.3805358409881592
67,0.21215052902698517,0.5866967439651489,0.0010000000474974513,0.7949205636978149,0.6084877252578735,0.8392394781112671,0.23070639371871948,0.26944196224212646,1.3166881799697876,0.7066775560379028,0.3289796710014343
68,0.21664220094680786,0.5983796715736389,0.0010000000474974513,0.8175622820854187,0.6282027959823608,0.8232404589653015,0.22673887014389038,0.2608029544353485,1.341648817062378,0.730830192565918,0.28715652227401733
69,0.21195179224014282,0.5908814668655396,0.0010000000474974513,0.8068950772285461,0.6171888709068298,0.8279690742492676,0.22462010383605957,0.2684362232685089,1.326751470565796,0.7217391133308411,0.3032294511795044
70,0.2151508778333664,0.5854513645172119,0.0010000000474974513,0.8221598863601685,0.6175920367240906,0.8233684301376343,0.22425201535224915,0.28440427780151367,1.2918298244476318,0.6859048008918762,0.3499981462955475
71,0.21182706952095032,0.6032150387763977,0.0010000000474974513,0.7951372861862183,0.621479332447052,0.8350198268890381,0.23036664724349976,0.29102563858032227,1.282918930053711,0.6301702857017517,0.3808425962924957
72,0.21894213557243347,0.5752631425857544,0.0010000000474974513,0.8036000728607178,0.5804088711738586,0.8440451622009277,0.22864297032356262,0.29756709933280945,1.2772077322006226,0.6231275796890259,0.3878704607486725
73,0.2025810182094574,0.6147688031196594,0.0010000000474974513,0.7875803709030151,0.6506269574165344,0.8317257165908813,0.2199765145778656,0.30406540632247925,1.2710424661636353,0.6388950347900391,0.37689176201820374
74,0.2123626470565796,0.6029701828956604,0.0010000000474974513,0.7996032238006592,0.6218515634536743,0.8319960236549377,0.21602904796600342,0.30317485332489014,1.2669463157653809,0.660697340965271,0.3686926066875458
75,0.2048902064561844,0.6090538501739502,0.0010000000474974513,0.7857200503349304,0.6342999339103699,0.8316375017166138,0.21129664778709412,0.2963070571422577,1.282679557800293,0.703794002532959,0.34074851870536804
76,0.2189267873764038,0.5690053701400757,0.0005000000237487257,0.8474120497703552,0.5929272770881653,0.8116928339004517,0.20912785828113556,0.296853244304657,1.2820334434509277,0.7125211954116821,0.33570075035095215
77,0.20764437317848206,0.6105080246925354,0.0005000000237487257,0.7834826707839966,0.6269158720970154,0.8361362814903259,0.21126818656921387,0.29910653829574585,1.2788100242614746,0.6863614916801453,0.3422172963619232
78,0.2087988406419754,0.6172244548797607,0.0005000000237487257,0.7866925001144409,0.6362576484680176,0.8354472517967224,0.2140657901763916,0.3037247657775879,1.273884654045105,0.6550756096839905,0.3556780517101288
79,0.2134963721036911,0.6090207099914551,0.0005000000237487257,0.7745574712753296,0.6105119585990906,0.8527951836585999,0.21407906711101532,0.3139495253562927,1.2529963254928589,0.6397790312767029,0.37898337841033936
80,0.20910018682479858,0.6062772274017334,0.0005000000237487257,0.788788378238678,0.6184028387069702,0.8336566090583801,0.20753879845142365,0.33372703194618225,1.2058970928192139,0.6443567872047424,0.41598185896873474
81,0.21313640475273132,0.6067184209823608,0.0005000000237487257,0.7976655960083008,0.6166983246803284,0.8335749506950378,0.1981511414051056,0.35800862312316895,1.1461896896362305,0.6607679128646851,0.4620068371295929
82,0.20304951071739197,0.6171660423278809,0.0005000000237487257,0.7693843245506287,0.632369339466095,0.8381728529930115,0.191789448261261,0.3750855624675751,1.1065089702606201,0.6676885485649109,0.4960305690765381
83,0.2030775547027588,0.6030160784721375,0.0005000000237487257,0.7868785262107849,0.6209625005722046,0.8256374001502991,0.18955279886722565,0.3774382770061493,1.1058642864227295,0.6698816418647766,0.49715539813041687
84,0.20111334323883057,0.6210627555847168,0.0005000000237487257,0.7586086988449097,0.6360165476799011,0.8421949744224548,0.1894521862268448,0.37294822931289673,1.1191444396972656,0.672960102558136,0.4850890636444092
85,0.20626436173915863,0.6198796033859253,0.0005000000237487257,0.7761342525482178,0.629793107509613,0.8387207984924316,0.19116178154945374,0.3664955496788025,1.1314496994018555,0.6775274276733398,0.47746625542640686
86,0.1982726752758026,0.6245208382606506,0.0005000000237487257,0.75249183177948,0.6423802971839905,0.8438669443130493,0.18783751130104065,0.3736504316329956,1.1123361587524414,0.6949203014373779,0.4966162145137787
87,0.20906400680541992,0.6206368207931519,0.0005000000237487257,0.79294753074646,0.6352748274803162,0.8315671682357788,0.18644428253173828,0.38344821333885193,1.0863940715789795,0.6935875415802002,0.5258710384368896
88,0.20009875297546387,0.6291899681091309,0.0005000000237487257,0.77182936668396,0.6509429216384888,0.8353034257888794,0.18239623308181763,0.39903151988983154,1.0445640087127686,0.697315514087677,0.5657699108123779
89,0.20506632328033447,0.6102579832077026,0.0005000000237487257,0.7808136940002441,0.6243969202041626,0.8325344324111938,0.17809933423995972,0.4120631814002991,1.0155916213989258,0.699125349521637,0.5900048613548279
90,0.20536720752716064,0.6112383604049683,0.0005000000237487257,0.7754237651824951,0.6208281517028809,0.8372370600700378,0.17749056220054626,0.4148419201374054,1.0136170387268066,0.6993746161460876,0.5925426483154297
91,0.19764837622642517,0.6147761344909668,0.0005000000237487257,0.7576847076416016,0.6296464800834656,0.8417422771453857,0.18366104364395142,0.39836400747299194,1.0622055530548096,0.6984201073646545,0.5564272999763489
92,0.21272580325603485,0.6153205633163452,0.0005000000237487257,0.8017756938934326,0.6243239641189575,0.827685534954071,0.18775135278701782,0.3876085877418518,1.097344994544983,0.6915131211280823,0.5290038585662842
93,0.20686282217502594,0.6240791082382202,0.0005000000237487257,0.7762935161590576,0.6332724690437317,0.8390723466873169,0.19156941771507263,0.37657421827316284,1.1328375339508057,0.6843705177307129,0.5022589564323425
94,0.19606004655361176,0.6267704963684082,0.0005000000237487257,0.7460750341415405,0.6426786780357361,0.8484287261962891,0.19145198166370392,0.3715067505836487,1.1576666831970215,0.6881784796714783,0.4802829623222351
95,0.20538999140262604,0.608102560043335,0.0005000000237487257,0.7714501023292542,0.6097739338874817,0.845698356628418,0.1825716197490692,0.38939645886421204,1.1202245950698853,0.7003128528594971,0.4994608163833618
96,0.19424495100975037,0.6362097859382629,0.0005000000237487257,0.7447410821914673,0.6540173292160034,0.8476921916007996,0.17518506944179535,0.4080681800842285,1.0887643098831177,0.6975772976875305,0.5123080611228943
97,0.20080634951591492,0.6140178442001343,0.0005000000237487257,0.7456358671188354,0.6151741147041321,0.8570241332054138,0.17038249969482422,0.4251585602760315,1.0577645301818848,0.6909550428390503,0.5289108753204346
98,0.20162761211395264,0.6088714003562927,0.0005000000237487257,0.7632099390029907,0.6150086522102356,0.8428044319152832,0.1701241135597229,0.4376447796821594,1.0340068340301514,0.6771480441093445,0.5501245856285095
99,0.19631263613700867,0.614311158657074,0.0005000000237487257,0.7578834891319275,0.6297776103019714,0.8396962285041809,0.1679331213235855,0.44924700260162354,1.01039719581604,0.6722760200500488,0.566346287727356
100,0.20264416933059692,0.6296412944793701,0.0005000000237487257,0.7653447389602661,0.6404880285263062,0.8396402597427368,0.1667507290840149,0.45625483989715576,0.9927706122398376,0.669004499912262,0.5799278616905212
101,0.19507265090942383,0.6327462196350098,0.0005000000237487257,0.7500325441360474,0.6483691334724426,0.8387584090232849,0.1669994443655014,0.45639023184776306,0.9918304681777954,0.6704352498054504,0.5837857723236084
102,0.19573697447776794,0.614730954170227,0.0005000000237487257,0.7656593322753906,0.633621871471405,0.8269973397254944,0.16930094361305237,0.45246902108192444,0.9996691942214966,0.6721548438072205,0.5829212069511414
103,0.20025795698165894,0.6306123733520508,0.0005000000237487257,0.761374294757843,0.6427001357078552,0.8352099657058716,0.1715923398733139,0.4448164999485016,1.0223586559295654,0.6803994178771973,0.5682054758071899
104,0.19790306687355042,0.6377560496330261,0.0005000000237487257,0.7599477767944336,0.6518741250038147,0.8334113359451294,0.17437328398227692,0.4336692988872528,1.0522209405899048,0.6892940998077393,0.5495668053627014
105,0.19860826432704926,0.6051095724105835,0.0005000000237487257,0.7570482492446899,0.6085086464881897,0.8442186713218689,0.17234238982200623,0.42859378457069397,1.0710490942001343,0.7119178771972656,0.5306492447853088
106,0.19148783385753632,0.6429951190948486,0.0005000000237487257,0.7326922416687012,0.6562312841415405,0.8464944362640381,0.17004074156284332,0.4268230199813843,1.0824124813079834,0.7344947457313538,0.5177555680274963
107,0.21095189452171326,0.5888404846191406,0.0005000000237487257,0.7863052487373352,0.5826442837715149,0.8404256105422974,0.1680585891008377,0.4312138855457306,1.0723955631256104,0.7417938113212585,0.5243557691574097
108,0.19561025500297546,0.6367104649543762,0.0005000000237487257,0.7541699409484863,0.651080310344696,0.8353239893913269,0.16182047128677368,0.44951239228248596,1.033963680267334,0.7435654401779175,0.5475960373878479
109,0.1985870599746704,0.6120736598968506,0.0005000000237487257,0.7565165758132935,0.6172243356704712,0.8419934511184692,0.1587473750114441,0.4667855501174927,0.9890698194503784,0.7301873564720154,0.5828561186790466
110,0.1895003467798233,0.6354515552520752,0.0005000000237487257,0.7348008155822754,0.6514058113098145,0.8418775796890259,0.1582823097705841,0.482502818107605,0.9427165985107422,0.7076626420021057,0.6249116659164429
111,0.20264479517936707,0.6203163266181946,0.0005000000237487257,0.7701025009155273,0.6251749992370605,0.8334881663322449,0.16580000519752502,0.47727760672569275,0.9458009004592896,0.683717668056488,0.6400271654129028
112,0.1902879923582077,0.6247225999832153,0.0005000000237487257,0.7334020137786865,0.6342997550964355,0.8445414304733276,0.16926631331443787,0.4763920307159424,0.9488844871520996,0.6684781312942505,0.6426393389701843
113,0.1932809203863144,0.6325762867927551,0.0005000000237487257,0.746091365814209,0.6445340514183044,0.8400423526763916,0.1706106960773468,0.47431284189224243,0.9601092338562012,0.6657252311706543,0.635462760925293
114,0.19921016693115234,0.6228573322296143,0.0005000000237487257,0.7456557154655457,0.6225170493125916,0.8492862582206726,0.16808722913265228,0.4815914034843445,0.9537630081176758,0.6637214422225952,0.6340683698654175
115,0.19597819447517395,0.6235865354537964,0.0005000000237487257,0.7707784175872803,0.6348881721496582,0.8272618651390076,0.15680687129497528,0.49717897176742554,0.933175802230835,0.6892740726470947,0.6273193955421448
116,0.18818733096122742,0.6317639350891113,0.0005000000237487257,0.7359579801559448,0.6477503180503845,0.8444247841835022,0.1464027762413025,0.5109106302261353,0.9101194143295288,0.7218648791313171,0.6249581575393677
117,0.18344485759735107,0.6460325717926025,0.0005000000237487257,0.7361749410629272,0.6689402461051941,0.8305334448814392,0.1394578516483307,0.5205937027931213,0.895659327507019,0.7500448226928711,0.6223087906837463
118,0.18921199440956116,0.6348797678947449,0.0005000000237487257,0.7332669496536255,0.6450976729393005,0.8414106965065002,0.13773372769355774,0.5249485969543457,0.8899400234222412,0.756652295589447,0.6241122484207153
119,0.2063986361026764,0.6111948490142822,0.0005000000237487257,0.7724955677986145,0.605569064617157,0.837660551071167,0.14038234949111938,0.5253162384033203,0.8904684782028198,0.7375021576881409,0.6297549605369568
120,0.19105839729309082,0.6333966255187988,0.0005000000237487257,0.7351651787757874,0.6401167511940002,0.8434135913848877,0.1470745950937271,0.5175918936729431,0.9060026407241821,0.7123184204101562,0.6303870677947998
121,0.19692301750183105,0.6272839307785034,0.0005000000237487257,0.7586784958839417,0.6311634182929993,0.8325958847999573,0.15225274860858917,0.5108481049537659,0.9179157614707947,0.7008512020111084,0.6322463154792786
122,0.1859300136566162,0.6455260515213013,0.0005000000237487257,0.7220466136932373,0.6562138199806213,0.8447611927986145,0.1530936360359192,0.5106942057609558,0.9185248613357544,0.701693058013916,0.6345517635345459
123,0.18303868174552917,0.647851824760437,0.0005000000237487257,0.7155152559280396,0.6630216836929321,0.8485091328620911,0.14865045249462128,0.5207599997520447,0.8915361166000366,0.7092821598052979,0.65003901720047
124,0.18995678424835205,0.6260029077529907,0.0005000000237487257,0.727976381778717,0.628123939037323,0.8514071702957153,0.14573249220848083,0.5273094177246094,0.8775445222854614,0.713476836681366,0.6571598649024963
125,0.19574907422065735,0.6284627914428711,0.0005000000237487257,0.7476357221603394,0.6268768310546875,0.8419032096862793,0.14372995495796204,0.5268886089324951,0.8823617696762085,0.7274089455604553,0.6497601866722107
126,0.19422519207000732,0.6142340898513794,0.0005000000237487257,0.7587898969650269,0.6165714859962463,0.8338426351547241,0.14375366270542145,0.5223289132118225,0.9008112549781799,0.7406606674194336,0.633650004863739
127,0.20311251282691956,0.6109858751296997,0.0005000000237487257,0.7632701992988586,0.6009196639060974,0.8416928052902222,0.1452634036540985,0.5157615542411804,0.9173300266265869,0.7442718148231506,0.6229501962661743
128,0.19445359706878662,0.6385736465454102,0.0005000000237487257,0.7470536828041077,0.6425220370292664,0.837925136089325,0.143843412399292,0.5161178708076477,0.9180331826210022,0.7473053336143494,0.6180976629257202
129,0.18063151836395264,0.6588287949562073,0.0005000000237487257,0.7211119532585144,0.682809054851532,0.8364485502243042,0.14467939734458923,0.5138631463050842,0.9148698449134827,0.7433449625968933,0.6253393292427063
130,0.18660065531730652,0.6385053396224976,0.0005000000237487257,0.7413346767425537,0.6512684226036072,0.8334953188896179,0.14338140189647675,0.5178017020225525,0.8925517797470093,0.7447792291641235,0.6468318700790405
131,0.18197420239448547,0.6631834506988525,0.0005000000237487257,0.7083327770233154,0.6759770512580872,0.846192479133606,0.14778001606464386,0.5124076008796692,0.8844881653785706,0.7361422181129456,0.6694957613945007
132,0.1853257715702057,0.6511763334274292,0.0005000000237487257,0.7149257659912109,0.6574357151985168,0.8496575951576233,0.1452978253364563,0.5281727313995361,0.8391969799995422,0.7183952927589417,0.703649640083313
133,0.1843767911195755,0.6570389270782471,0.0005000000237487257,0.7218959331512451,0.6710107326507568,0.8430562019348145,0.14968226850032806,0.5301198959350586,0.8239584565162659,0.6971810460090637,0.7295020818710327
134,0.1947609782218933,0.6317718625068665,0.0005000000237487257,0.7450116276741028,0.6327016353607178,0.8438758254051208,0.16187089681625366,0.5152391195297241,0.8438507318496704,0.6567889451980591,0.7423586249351501
135,0.18778467178344727,0.6446800231933594,0.0005000000237487257,0.7156491279602051,0.6449183225631714,0.8568828105926514,0.19039608538150787,0.4792472720146179,0.9101555347442627,0.5983258485794067,0.7442085146903992
136,0.20532691478729248,0.6106449365615845,0.0005000000237487257,0.7581086158752441,0.5902541279792786,0.854305624961853,0.1806940734386444,0.502088725566864,0.8811732530593872,0.6036134958267212,0.7394675016403198
137,0.2001853585243225,0.6309043765068054,0.0005000000237487257,0.7547875642776489,0.6217342615127563,0.845112144947052,0.15359680354595184,0.5521264672279358,0.7941496968269348,0.6451281905174255,0.7484475374221802
138,0.18800535798072815,0.6477921605110168,0.0005000000237487257,0.7311087846755981,0.6519265174865723,0.8437658548355103,0.1407647430896759,0.5736217498779297,0.7540940046310425,0.6672325134277344,0.7527051568031311
139,0.19331848621368408,0.6225717067718506,0.0005000000237487257,0.7545543909072876,0.6244302988052368,0.8320614695549011,0.1382901519536972,0.5765730142593384,0.7473201751708984,0.6726117134094238,0.7534023523330688
140,0.19174295663833618,0.6143450736999512,0.0005000000237487257,0.7443686723709106,0.6136395931243896,0.8395785093307495,0.13578598201274872,0.5785368084907532,0.7456513047218323,0.6808105111122131,0.7502509951591492
141,0.19261468946933746,0.6376270055770874,0.0005000000237487257,0.7382535338401794,0.634985089302063,0.8434394598007202,0.1350852996110916,0.5778554677963257,0.7429068088531494,0.6854603886604309,0.7537184357643127
142,0.19138269126415253,0.6290349364280701,0.0005000000237487257,0.739992082118988,0.6308945417404175,0.8414455652236938,0.13616181910037994,0.5743570327758789,0.7488593459129333,0.6902841329574585,0.7532536387443542
143,0.18103674054145813,0.6398800015449524,0.0005000000237487257,0.7311936616897583,0.6547003984451294,0.8281788229942322,0.13610202074050903,0.5674793124198914,0.7672371864318848,0.6966748833656311,0.7409084439277649
144,0.17871049046516418,0.6487544775009155,0.0005000000237487257,0.7209205031394958,0.6622100472450256,0.8357653617858887,0.1371331661939621,0.5586224794387817,0.7843397855758667,0.7133442163467407,0.7324954271316528
145,0.1797378659248352,0.6595523357391357,0.0005000000237487257,0.7259665131568909,0.6792448163032532,0.8307878375053406,0.13480621576309204,0.5634517669677734,0.7724670171737671,0.7167024612426758,0.7388353943824768
146,0.17540207505226135,0.6575357913970947,0.0005000000237487257,0.692791223526001,0.6676503419876099,0.8485828638076782,0.12866385281085968,0.579649806022644,0.7426384687423706,0.7315407395362854,0.747861921787262
147,0.19298090040683746,0.6353102922439575,0.0005000000237487257,0.7196783423423767,0.627418577671051,0.8568810820579529,0.12494636327028275,0.5935624837875366,0.7175033092498779,0.7242913842201233,0.7580039501190186
148,0.18285417556762695,0.6363265514373779,0.0005000000237487257,0.7148547172546387,0.6375293135643005,0.8487774729728699,0.12333808094263077,0.6017424464225769,0.7039880752563477,0.7187227010726929,0.765171229839325
149,0.19251179695129395,0.6404049396514893,0.0005000000237487257,0.7312482595443726,0.6302225589752197,0.8472557663917542,0.122524693608284,0.6030818223953247,0.7065595388412476,0.7223944664001465,0.7603837251663208
150,0.18350118398666382,0.6518919467926025,0.0005000000237487257,0.6973082423210144,0.6439127922058105,0.8583133816719055,0.12419870495796204,0.5976151823997498,0.7181688547134399,0.7221875786781311,0.7540903091430664
151,0.17959347367286682,0.6475744843482971,0.0005000000237487257,0.7113937139511108,0.6519426703453064,0.842699408531189,0.12348392605781555,0.5978006720542908,0.7257476449012756,0.7253958582878113,0.7443851828575134
152,0.188282310962677,0.6389983892440796,0.0005000000237487257,0.7429314255714417,0.6413969397544861,0.8325235843658447,0.1264616847038269,0.588474452495575,0.7428169250488281,0.7257035970687866,0.7383055090904236
153,0.17920313775539398,0.6522626876831055,0.0005000000237487257,0.7139804363250732,0.661153256893158,0.8404444456100464,0.12830936908721924,0.5819190740585327,0.7508993148803711,0.7284234166145325,0.7393187880516052
154,0.1760837584733963,0.6689474582672119,0.0005000000237487257,0.7080560922622681,0.6849615573883057,0.8398621678352356,0.12353570014238358,0.5929305553436279,0.7297166585922241,0.7369937300682068,0.746681272983551
155,0.1872900128364563,0.652996301651001,0.0005000000237487257,0.7200252413749695,0.6485753059387207,0.8461551070213318,0.11953984200954437,0.6031311750411987,0.7105461955070496,0.7427650690078735,0.7541925311088562
156,0.1917160153388977,0.6410611867904663,0.0005000000237487257,0.7425237894058228,0.6387765407562256,0.8366409540176392,0.11951770633459091,0.6047296524047852,0.7054054737091064,0.7409602999687195,0.7598817348480225
157,0.1973351091146469,0.6275511384010315,0.0005000000237487257,0.7646727561950684,0.6221504211425781,0.8293970823287964,0.11549875140190125,0.6150949001312256,0.6920438408851624,0.7453468441963196,0.7590451240539551
158,0.1898481249809265,0.6469060182571411,0.0005000000237487257,0.7307257652282715,0.6419780850410461,0.8440918326377869,0.11178995668888092,0.6247535943984985,0.6755523681640625,0.7475011348724365,0.7626426815986633
159,0.1987808793783188,0.6306921243667603,0.0005000000237487257,0.7290860414505005,0.6066014170646667,0.8569991588592529,0.11189506202936172,0.6280776262283325,0.6612763404846191,0.7351466417312622,0.7753783464431763
160,0.1814238727092743,0.6560627222061157,0.0005000000237487257,0.7221732139587402,0.6606426239013672,0.8386693596839905,0.11441109329462051,0.6258834004402161,0.6590445041656494,0.723316490650177,0.7841352820396423
161,0.17925548553466797,0.6557961702346802,0.0005000000237487257,0.7110962867736816,0.6602351665496826,0.8418577909469604,0.11754810065031052,0.6227415800094604,0.6574838161468506,0.710273265838623,0.7931711077690125
162,0.1834610402584076,0.6296387910842896,0.0005000000237487257,0.7316216230392456,0.6257740259170532,0.8371681571006775,0.12285277247428894,0.6126552820205688,0.6763231754302979,0.703621506690979,0.7896478772163391
163,0.18451908230781555,0.6420683860778809,0.0005000000237487257,0.730358362197876,0.6445198655128479,0.8358697295188904,0.12428195774555206,0.6098892092704773,0.6879057884216309,0.7052052617073059,0.7819786071777344
164,0.1881280541419983,0.6483962535858154,0.0005000000237487257,0.7210375666618347,0.6405836939811707,0.848400354385376,0.12742020189762115,0.6002190709114075,0.7085496783256531,0.7096188068389893,0.7731844782829285
165,0.18407335877418518,0.6489595770835876,0.0005000000237487257,0.7132958173751831,0.6418276429176331,0.8491548895835876,0.129898801445961,0.5942928791046143,0.7220454216003418,0.7094781398773193,0.7676625847816467
166,0.17200089991092682,0.670673131942749,0.0005000000237487257,0.6928231716156006,0.6826115250587463,0.8438950777053833,0.13054881989955902,0.5918548703193665,0.7281134128570557,0.7115224599838257,0.763934850692749
167,0.17901445925235748,0.6491093039512634,0.0005000000237487257,0.6990198493003845,0.64640212059021,0.8503595590591431,0.12793077528476715,0.5969977974891663,0.720373272895813,0.7175565958023071,0.7641765475273132
168,0.17885535955429077,0.6633603572845459,0.0005000000237487257,0.714285671710968,0.6734218597412109,0.8391993045806885,0.12494716048240662,0.6050184369087219,0.7106900215148926,0.7233306765556335,0.7643345594406128
169,0.17244386672973633,0.6803328990936279,0.0005000000237487257,0.6778960227966309,0.68747878074646,0.8552342057228088,0.11854828894138336,0.6204858422279358,0.6918179988861084,0.7370184659957886,0.7627728581428528
170,0.18505661189556122,0.655605673789978,0.0005000000237487257,0.7144151926040649,0.6497669816017151,0.8492256999015808,0.11294373124837875,0.6350686550140381,0.6677063703536987,0.7447315454483032,0.7674115896224976
171,0.17935243248939514,0.6591551899909973,0.0005000000237487257,0.7199477553367615,0.6689403653144836,0.8342610001564026,0.10773461312055588,0.6509460806846619,0.6406224966049194,0.7480392456054688,0.7749228477478027
172,0.17942410707473755,0.6623038053512573,0.0005000000237487257,0.7156162858009338,0.6673038601875305,0.8392394781112671,0.10678675770759583,0.6577273011207581,0.6287987232208252,0.7436008453369141,0.7810117602348328
173,0.19098049402236938,0.6513900756835938,0.0005000000237487257,0.7261144518852234,0.637631893157959,0.8470553159713745,0.10888159275054932,0.6564838886260986,0.6329381465911865,0.7354941368103027,0.7811326384544373
174,0.1808507740497589,0.6621514558792114,0.0005000000237487257,0.6959093809127808,0.6552718877792358,0.8553049564361572,0.11143200099468231,0.6536893844604492,0.6327587366104126,0.7207647562026978,0.7871379256248474
175,0.2031407654285431,0.621875524520874,0.0005000000237487257,0.7409340143203735,0.5900211334228516,0.8577856421470642,0.11512697488069534,0.6493035554885864,0.6272705793380737,0.6994277238845825,0.8010076880455017
176,0.19203098118305206,0.6408857107162476,0.0005000000237487257,0.7123144865036011,0.617335319519043,0.859329879283905,0.12392613291740417,0.6375365257263184,0.6300671100616455,0.6700354814529419,0.8203157186508179
177,0.18655849993228912,0.6576197743415833,0.0005000000237487257,0.7152735590934753,0.6491812467575073,0.846432089805603,0.13233502209186554,0.6259886026382446,0.6344213485717773,0.6448381543159485,0.8377645015716553
178,0.17366278171539307,0.674826979637146,0.0005000000237487257,0.6924774050712585,0.6818678379058838,0.8434664011001587,0.14075493812561035,0.6145962476730347,0.6426572203636169,0.6291583776473999,0.8512809872627258
179,0.1824718564748764,0.6564343571662903,0.0005000000237487257,0.7059363126754761,0.6504550576210022,0.8504908084869385,0.14724312722682953,0.6044071912765503,0.6545172333717346,0.6139208674430847,0.8583832383155823
180,0.18089327216148376,0.6436896324157715,0.0005000000237487257,0.7152924537658691,0.6400008201599121,0.840405285358429,0.1458309441804886,0.6031933426856995,0.6562105417251587,0.6233730912208557,0.856654167175293
181,0.1908298283815384,0.6549544334411621,0.0005000000237487257,0.7187157273292542,0.639193058013916,0.8496292233467102,0.13678249716758728,0.6093409061431885,0.649664044380188,0.6497937440872192,0.8464377522468567
182,0.17218846082687378,0.6652611494064331,0.0005000000237487257,0.696304976940155,0.6721299290657043,0.8402353525161743,0.12296898663043976,0.6302905082702637,0.6260610818862915,0.6902592182159424,0.8337113857269287
183,0.17148032784461975,0.6699497699737549,0.0005000000237487257,0.6823774576187134,0.6747570633888245,0.8507469892501831,0.11208763718605042,0.6518616080284119,0.601315975189209,0.7105465531349182,0.8247127532958984
184,0.17724952101707458,0.6631741523742676,0.0005000000237487257,0.6832063794136047,0.6532783508300781,0.856002151966095,0.10846012830734253,0.6604899764060974,0.5878547430038452,0.7141100168228149,0.8259677290916443
185,0.17547950148582458,0.6785868406295776,0.0005000000237487257,0.6984796524047852,0.6858947277069092,0.8436271548271179,0.10925766825675964,0.6609282493591309,0.5817131996154785,0.7065930366516113,0.8334975838661194
186,0.17393749952316284,0.659991443157196,0.0005000000237487257,0.6825698614120483,0.6518818140029907,0.8535411953926086,0.10938481986522675,0.6633590459823608,0.5765548944473267,0.702846109867096,0.8372253179550171
187,0.17824439704418182,0.6664397716522217,0.0005000000237487257,0.6971300840377808,0.6610085368156433,0.8501085042953491,0.11165893822908401,0.6630429029464722,0.5755584239959717,0.693667471408844,0.8419291377067566
188,0.17274895310401917,0.6800215840339661,0.0005000000237487257,0.6661732196807861,0.6745712161064148,0.8644580245018005,0.1108379065990448,0.6665056943893433,0.5714830160140991,0.6951286792755127,0.8426170349121094
189,0.19249221682548523,0.6330294609069824,0.0005000000237487257,0.7193922996520996,0.6061517596244812,0.8573532700538635,0.11102308332920074,0.6663607358932495,0.5760257244110107,0.6988861560821533,0.8387777209281921
190,0.17658445239067078,0.6704646348953247,0.0005000000237487257,0.6861039400100708,0.6666059494018555,0.8545902371406555,0.11461739242076874,0.657436728477478,0.5962358713150024,0.7017334699630737,0.8312944173812866
191,0.17967668175697327,0.6543567180633545,0.0005000000237487257,0.6970335245132446,0.6437355279922485,0.8504834175109863,0.11582326889038086,0.6543000936508179,0.6027712821960449,0.7022626996040344,0.8292120695114136
192,0.17132046818733215,0.6597276329994202,0.0005000000237487257,0.7016623020172119,0.6727506518363953,0.8333849310874939,0.1127532348036766,0.6614304184913635,0.5913946628570557,0.7048563957214355,0.8299092650413513
193,0.1788291484117508,0.6483942866325378,0.0005000000237487257,0.7198042869567871,0.6496269702911377,0.8321161866188049,0.1099611446261406,0.6684756278991699,0.5785013437271118,0.7056233286857605,0.8327538967132568
194,0.17699137330055237,0.6507852673530579,0.0005000000237487257,0.7149527072906494,0.6495475172996521,0.8334273099899292,0.10700106620788574,0.6727603673934937,0.5740936994552612,0.7134526968002319,0.8291934728622437
195,0.17646902799606323,0.6743650436401367,0.0005000000237487257,0.6883087158203125,0.6690436005592346,0.8481766581535339,0.10542634129524231,0.6751785278320312,0.5733374953269958,0.720545768737793,0.825735330581665
196,0.18762370944023132,0.6612732410430908,0.0005000000237487257,0.7263748645782471,0.6529706716537476,0.8370419144630432,0.10286349058151245,0.6786554455757141,0.5729331970214844,0.7317540645599365,0.8195534348487854
197,0.18195179104804993,0.6590859293937683,0.0005000000237487257,0.711108386516571,0.6546000242233276,0.8457183241844177,0.09949027746915817,0.6838312745094299,0.5706620216369629,0.7448187470436096,0.8128323554992676
198,0.18614719808101654,0.6674151420593262,0.0005000000237487257,0.7064341306686401,0.6544501185417175,0.852112889289856,0.09964153170585632,0.6832740306854248,0.5718898177146912,0.744872510433197,0.813306450843811
199,0.18497143685817719,0.6323794722557068,0.0005000000237487257,0.7004532814025879,0.6069806218147278,0.859968364238739,0.10211367160081863,0.6778874397277832,0.5767930746078491,0.7369450330734253,0.8162626028060913
200,0.182044118642807,0.6539372801780701,0.0005000000237487257,0.6980989575386047,0.6380323171615601,0.8566362261772156,0.10630437731742859,0.6714212894439697,0.5748371481895447,0.7184340953826904,0.8298069834709167
201,0.17418301105499268,0.6604586839675903,0.0005000000237487257,0.7078495025634766,0.6635704040527344,0.8351216912269592,0.10846716165542603,0.6723060607910156,0.5640764236450195,0.7028846740722656,0.8432956337928772
202,0.17563828825950623,0.6612355709075928,0.0005000000237487257,0.687262773513794,0.652767539024353,0.8509926795959473,0.10934508591890335,0.6736351251602173,0.5562031269073486,0.6958999037742615,0.85154128074646
203,0.18387553095817566,0.6526197195053101,0.0005000000237487257,0.7304415702819824,0.646929919719696,0.8342355489730835,0.10652774572372437,0.6787424087524414,0.5458232164382935,0.701405942440033,0.854255735874176
204,0.17604497075080872,0.6641194820404053,0.0005000000237487257,0.7097538709640503,0.6638453602790833,0.8360742926597595,0.10511713474988937,0.6810436844825745,0.5407348871231079,0.7037622928619385,0.8558825850486755
205,0.17148661613464355,0.6771571040153503,0.0005000000237487257,0.6786563396453857,0.6741468906402588,0.8507207036018372,0.10310651361942291,0.6839751601219177,0.5387881994247437,0.709865927696228,0.8525359630584717
206,0.17618608474731445,0.658532977104187,0.0005000000237487257,0.6906595826148987,0.6503079533576965,0.8507513999938965,0.10307709872722626,0.6857022047042847,0.5357535481452942,0.7068818211555481,0.8550831079483032
207,0.16664841771125793,0.6883807182312012,0.0005000000237487257,0.6630309224128723,0.6903314590454102,0.8557486534118652,0.10464970767498016,0.6851407289505005,0.5368442535400391,0.7021564841270447,0.8575000762939453
208,0.18624211847782135,0.6658014059066772,0.0005000000237487257,0.7065712213516235,0.649647057056427,0.8523704409599304,0.10613758116960526,0.6838151812553406,0.5404362082481384,0.6986377239227295,0.8571840524673462
209,0.17929139733314514,0.6478378772735596,0.0005000000237487257,0.6973940134048462,0.6295434236526489,0.8525823354721069,0.10715282708406448,0.6819270849227905,0.543302059173584,0.6964972019195557,0.8571282625198364
210,0.17419198155403137,0.6764129400253296,0.0005000000237487257,0.6922338008880615,0.6754541397094727,0.8440993428230286,0.10578913241624832,0.6845816969871521,0.5389078259468079,0.6992458701133728,0.8576767444610596
211,0.17467233538627625,0.662777304649353,0.0005000000237487257,0.679972767829895,0.6521841883659363,0.8549647331237793,0.10433787107467651,0.6871780157089233,0.5336673259735107,0.7022190093994141,0.8590060472488403
212,0.17644773423671722,0.6719503402709961,0.0005000000237487257,0.6825165748596191,0.6620111465454102,0.8575734496116638,0.10246360301971436,0.6912164688110352,0.5277202725410461,0.7067245841026306,0.8594522476196289
213,0.1716744750738144,0.6699138879776001,0.0005000000237487257,0.6759793758392334,0.6609243154525757,0.8543686270713806,0.09949954599142075,0.6952776312828064,0.5257710218429565,0.7178250551223755,0.8535399436950684
214,0.1757526844739914,0.6704055070877075,0.0005000000237487257,0.6754257678985596,0.6595557332038879,0.8582220077514648,0.09794441610574722,0.6983872652053833,0.5238354206085205,0.724347710609436,0.8511415719985962
215,0.17405112087726593,0.6611145734786987,0.0005000000237487257,0.6998986005783081,0.6588128209114075,0.8418362736701965,0.09796585887670517,0.6987103819847107,0.5243604183197021,0.7257410287857056,0.8501003980636597
216,0.16816923022270203,0.6821316480636597,0.0005000000237487257,0.681814432144165,0.6883094310760498,0.845567524433136,0.09808498620986938,0.7005939483642578,0.5195831060409546,0.7234117984771729,0.854265034198761
217,0.18331138789653778,0.6596421003341675,0.0005000000237487257,0.7047132253646851,0.6437869071960449,0.8481164574623108,0.0991126224398613,0.6998400688171387,0.5199818015098572,0.7188234329223633,0.8560034036636353
218,0.16917192935943604,0.672849178314209,0.0005000000237487257,0.6748828291893005,0.6675449013710022,0.8505497574806213,0.10046233236789703,0.6987911462783813,0.5224400162696838,0.7138317227363586,0.8561707735061646
219,0.16916364431381226,0.6805033683776855,0.0005000000237487257,0.6872602701187134,0.6849939227104187,0.8432794213294983,0.10125751048326492,0.6994363069534302,0.5219110250473022,0.711005449295044,0.8575000762939453
220,0.1656571477651596,0.6872269511222839,0.0005000000237487257,0.655410647392273,0.6861429214477539,0.859067440032959,0.10093088448047638,0.7017568349838257,0.5182533264160156,0.7106643319129944,0.8592291474342346
221,0.17763862013816833,0.6717846989631653,0.0005000000237487257,0.6753277778625488,0.6534960269927979,0.8632674217224121,0.10036475956439972,0.7035893797874451,0.5141001343727112,0.7106256484985352,0.860939621925354
222,0.16939684748649597,0.6805132031440735,0.0005000000237487257,0.6549378633499146,0.669350266456604,0.8669040203094482,0.09888915717601776,0.7049216032028198,0.5116451382637024,0.7143784165382385,0.8598613142967224
223,0.1750488579273224,0.6703085899353027,0.0005000000237487257,0.6805678606033325,0.6570507287979126,0.8555051684379578,0.09987996518611908,0.7020477056503296,0.5130573511123657,0.7116425037384033,0.8620458841323853
224,0.17223979532718658,0.6761552095413208,0.0005000000237487257,0.6867145299911499,0.6730375289916992,0.84715735912323,0.10251516103744507,0.6973169445991516,0.5153495073318481,0.7031108736991882,0.8677443861961365
225,0.181929811835289,0.6643239855766296,0.0005000000237487257,0.7114562392234802,0.6506097316741943,0.843695878982544,0.10722323507070541,0.6894949674606323,0.5202593803405762,0.6878492832183838,0.8764176368713379
226,0.17776897549629211,0.6614433526992798,0.0005000000237487257,0.6936589479446411,0.6467626690864563,0.8489694595336914,0.10845163464546204,0.6865402460098267,0.523654580116272,0.684843897819519,0.8771148920059204
227,0.16922590136528015,0.6815928220748901,0.0005000000237487257,0.6639657616615295,0.673198401927948,0.8557828068733215,0.10696956515312195,0.689329206943512,0.5218070149421692,0.6902060508728027,0.8743260502815247
228,0.18302953243255615,0.6662669777870178,0.0005000000237487257,0.7178860902786255,0.656093955039978,0.8372818231582642,0.10277299582958221,0.6969448328018188,0.518724262714386,0.7059770226478577,0.8642397522926331
229,0.1709299385547638,0.6665412187576294,0.0005000000237487257,0.6858838796615601,0.6610938906669617,0.8466632962226868,0.10204280912876129,0.6994361877441406,0.5195857882499695,0.7099984884262085,0.8594801425933838
230,0.18289320170879364,0.6547951698303223,0.0005000000237487257,0.6901228427886963,0.6285810470581055,0.8590911626815796,0.10308752954006195,0.6984734535217285,0.5247242450714111,0.709929347038269,0.8559383749961853
231,0.1697484850883484,0.6824547052383423,0.0005000000237487257,0.6607567071914673,0.6739731431007385,0.8599281907081604,0.10645703971385956,0.6947951912879944,0.5241967439651489,0.6980069875717163,0.8653646111488342
232,0.16982267796993256,0.6835490465164185,0.0005000000237487257,0.664462685585022,0.6758893132209778,0.8558398485183716,0.110650435090065,0.689839780330658,0.5253456830978394,0.6832181811332703,0.8751533627510071
233,0.1686147153377533,0.687519907951355,0.0002500000118743628,0.6752306818962097,0.6898988485336304,0.8491603136062622,0.11225717514753342,0.6876904368400574,0.5261352062225342,0.6773825883865356,0.8785092830657959
234,0.17001250386238098,0.6711459159851074,0.0002500000118743628,0.6974530220031738,0.6803731918334961,0.8386748433113098,0.11188262701034546,0.6887609958648682,0.523084282875061,0.6760278940200806,0.8805544376373291
235,0.17675821483135223,0.6708275079727173,0.0002500000118743628,0.6853774189949036,0.6556718349456787,0.8516581654548645,0.11044300347566605,0.6905266046524048,0.5199403762817383,0.6783565282821655,0.8803777694702148
236,0.17213401198387146,0.6812592148780823,0.0002500000118743628,0.6785001754760742,0.672596275806427,0.8508245944976807,0.1089840978384018,0.6917632818222046,0.5174762606620789,0.6808382272720337,0.8798200488090515
237,0.16696390509605408,0.6822259426116943,0.0002500000118743628,0.6545630097389221,0.6715350151062012,0.860374391078949,0.10814926028251648,0.6920884251594543,0.5153845548629761,0.6826490163803101,0.8808147311210632
238,0.17624205350875854,0.6813726425170898,0.0002500000118743628,0.6937514543533325,0.6728315353393555,0.8477353453636169,0.10770347714424133,0.6910043954849243,0.5160961151123047,0.6852467060089111,0.8804335594177246
239,0.1817275583744049,0.6458173990249634,0.0002500000118743628,0.6932028532028198,0.618414580821991,0.8587487936019897,0.10864898562431335,0.6874707937240601,0.5195093154907227,0.6859750151634216,0.8812609314918518
240,0.17083419859409332,0.6837630867958069,0.0002500000118743628,0.6799538135528564,0.6848264336585999,0.8486254811286926,0.10977955162525177,0.6836643815040588,0.5239001512527466,0.6867988109588623,0.8820511102676392
241,0.1849430501461029,0.6572467684745789,0.0002500000118743628,0.7033488750457764,0.6358948349952698,0.8511729836463928,0.10953085124492645,0.6842066049575806,0.5220677852630615,0.687907338142395,0.8831294178962708
242,0.17935508489608765,0.6495869159698486,0.0002500000118743628,0.7095977067947388,0.6364482045173645,0.8421629071235657,0.10877950489521027,0.6855658292770386,0.5198569297790527,0.6902356743812561,0.8835198879241943
243,0.16746750473976135,0.6892210245132446,0.0001250000059371814,0.6748870015144348,0.6891654133796692,0.8474771976470947,0.10751765221357346,0.6883234977722168,0.5157991647720337,0.6923071146011353,0.8835198879241943
244,0.1853054165840149,0.6459155082702637,0.0001250000059371814,0.7014198303222656,0.6217188239097595,0.8561393022537231,0.10677073895931244,0.6903783082962036,0.5125039219856262,0.6927381157875061,0.8838638067245483
245,0.17535461485385895,0.6727746725082397,0.0001250000059371814,0.6692880988121033,0.6550202965736389,0.8617188334465027,0.10688330978155136,0.6908485889434814,0.5112371444702148,0.6912069916725159,0.8850908875465393
246,0.16726593673229218,0.689950704574585,0.0001250000059371814,0.6775240302085876,0.6940958499908447,0.8442131876945496,0.10638762265443802,0.691762387752533,0.5096953511238098,0.6922126412391663,0.885155975818634
247,0.16635987162590027,0.6953514814376831,0.0001250000059371814,0.6708976626396179,0.6965656280517578,0.8468902707099915,0.10472920536994934,0.694292426109314,0.5075807571411133,0.6968221068382263,0.883017897605896
248,0.1606222689151764,0.7023985385894775,0.0001250000059371814,0.65086829662323,0.7075597643852234,0.8545729517936707,0.10332928597927094,0.6964089274406433,0.5061523914337158,0.700874388217926,0.8807775378227234
249,0.17096427083015442,0.6770985722541809,0.0001250000059371814,0.6729952096939087,0.6665605902671814,0.8536216020584106,0.1025974303483963,0.6977906227111816,0.5053293108940125,0.702631413936615,0.8789554834365845
250,0.16686609387397766,0.6853282451629639,0.0001250000059371814,0.65788334608078,0.6769002676010132,0.8580360412597656,0.10180675983428955,0.6995617151260376,0.5043127536773682,0.7051782011985779,0.8773100972175598
251,0.1769126057624817,0.6722309589385986,0.0001250000059371814,0.6732305288314819,0.6535767316818237,0.8619732856750488,0.10136242210865021,0.7011873126029968,0.5032444000244141,0.7067049741744995,0.8761480450630188
252,0.1741752028465271,0.675330400466919,0.0001250000059371814,0.6796591281890869,0.6607447266578674,0.8550406098365784,0.10132648050785065,0.7018622159957886,0.5030648112297058,0.7067043781280518,0.8758320212364197
253,0.17569215595722198,0.6761230230331421,0.0001250000059371814,0.6754463315010071,0.6605811715126038,0.857377290725708,0.10145460814237595,0.7024809122085571,0.5026308298110962,0.7063343524932861,0.8759249448776245
254,0.17335134744644165,0.6660000085830688,0.0001250000059371814,0.6550747156143188,0.6439819931983948,0.8748790621757507,0.10165078192949295,0.7030345797538757,0.5014968514442444,0.7055123448371887,0.8768731355667114
255,0.19139225780963898,0.646023154258728,0.0001250000059371814,0.7204980850219727,0.6236673593521118,0.8512138724327087,0.10166969150304794,0.7033700346946716,0.5009667873382568,0.7058053612709045,0.8774867057800293
256,0.17516784369945526,0.6754785776138306,0.0001250000059371814,0.682677149772644,0.6609219312667847,0.8543292284011841,0.10171572118997574,0.7033440470695496,0.5009471774101257,0.7060908675193787,0.8776447176933289
257,0.1705399751663208,0.680162787437439,0.0001250000059371814,0.6704918146133423,0.6704508066177368,0.8544917106628418,0.10191679000854492,0.7034927010536194,0.5008019208908081,0.7059698104858398,0.8781374096870422
258,0.16968068480491638,0.6815742254257202,0.0001250000059371814,0.6758148670196533,0.675509512424469,0.8509353995323181,0.1018216460943222,0.7041166424751282,0.5004919171333313,0.7067619562149048,0.8778678178787231
259,0.1693277657032013,0.6898798942565918,0.0001250000059371814,0.6665993332862854,0.6837145090103149,0.8555323481559753,0.10122407227754593,0.7054692506790161,0.49926018714904785,0.708085298538208,0.8768917322158813
260,0.16653402149677277,0.6914523243904114,0.0001250000059371814,0.6664745807647705,0.6886447072029114,0.8518533110618591,0.1006045863032341,0.7067712545394897,0.49798721075057983,0.7095812559127808,0.876343309879303
261,0.1693248152732849,0.6680822372436523,0.0001250000059371814,0.673189640045166,0.6607029438018799,0.8525752425193787,0.10059341788291931,0.7071655988693237,0.49746301770210266,0.7089877128601074,0.876677930355072
262,0.17235681414604187,0.6874309778213501,0.0001250000059371814,0.6775258779525757,0.6782435178756714,0.8493642807006836,0.10030107945203781,0.707364559173584,0.4976903200149536,0.70939040184021,0.8760086297988892
263,0.17590326070785522,0.6724114418029785,0.0001250000059371814,0.6784992218017578,0.6572499871253967,0.8563349843025208,0.10010886192321777,0.7078066468238831,0.4970385432243347,0.7089583873748779,0.876055121421814
264,0.17797008156776428,0.6462938785552979,0.0001250000059371814,0.6935333609580994,0.6236440539360046,0.8516514301300049,0.10019555687904358,0.7076292634010315,0.49706119298934937,0.7082306742668152,0.876380443572998
265,0.16811776161193848,0.6942799091339111,0.0001250000059371814,0.654400110244751,0.685226321220398,0.8621198534965515,0.10003437101840973,0.7074965238571167,0.497205913066864,0.708448588848114,0.876334011554718
266,0.1732359528541565,0.6595214605331421,0.0001250000059371814,0.6784335374832153,0.640278697013855,0.8549457788467407,0.10067999362945557,0.7064164876937866,0.49785318970680237,0.7062330842018127,0.8775982856750488
267,0.16851937770843506,0.6843594908714294,0.0001250000059371814,0.6515685319900513,0.6705070734024048,0.8669101595878601,0.10141859948635101,0.7055951356887817,0.49765539169311523,0.7032897472381592,0.8791971802711487
268,0.1702772080898285,0.6951978206634521,0.0001250000059371814,0.6873078346252441,0.6981974244117737,0.8438387513160706,0.10210585594177246,0.7047818899154663,0.49762681126594543,0.7005974650382996,0.8807682394981384
269,0.16570906341075897,0.6818955540657043,0.0001250000059371814,0.6546540260314941,0.6721226572990417,0.8584659695625305,0.1027858555316925,0.7041759490966797,0.497347891330719,0.6983761191368103,0.8823578357696533
270,0.16325311362743378,0.6965996026992798,0.0001250000059371814,0.653166651725769,0.6957461833953857,0.8547425866127014,0.10311731696128845,0.7043361067771912,0.4961838722229004,0.6969850063323975,0.8838917016983032
271,0.16464857757091522,0.6825587749481201,0.0001250000059371814,0.6546844244003296,0.6757450699806213,0.8576348423957825,0.10343000292778015,0.7048236131668091,0.49472808837890625,0.6958888173103333,0.8854255676269531
272,0.17624172568321228,0.6694250702857971,0.0001250000059371814,0.6754614114761353,0.6484381556510925,0.8604521155357361,0.1035863384604454,0.7051466703414917,0.4939448833465576,0.6956118941307068,0.8862436413764954
273,0.18598131835460663,0.6590229272842407,0.0001250000059371814,0.6952804923057556,0.6294558048248291,0.8601734638214111,0.1035785973072052,0.7050546407699585,0.494424045085907,0.6968035101890564,0.8859740495681763
274,0.17670179903507233,0.6766669750213623,0.0001250000059371814,0.6832063794136047,0.6625691056251526,0.8525558114051819,0.10361082851886749,0.7043553590774536,0.4960133135318756,0.6981136202812195,0.8848491907119751
275,0.17155304551124573,0.6665734052658081,0.0001250000059371814,0.6718181371688843,0.651857852935791,0.8577058911323547,0.1035071387887001,0.7041606903076172,0.4966343641281128,0.6990980505943298,0.8841148018836975
276,0.1682763248682022,0.6874631643295288,0.0001250000059371814,0.6707684397697449,0.6836044788360596,0.8484735488891602,0.10359445214271545,0.7039798498153687,0.49671006202697754,0.6987872123718262,0.8843193650245667
277,0.17975035309791565,0.6746429204940796,0.0001250000059371814,0.7159911394119263,0.6686121821403503,0.8322001695632935,0.10325172543525696,0.7047524452209473,0.4957404136657715,0.6989256143569946,0.8841241002082825
278,0.1768721044063568,0.6508407592773438,0.0001250000059371814,0.6800440549850464,0.6242215037345886,0.8589980006217957,0.10365751385688782,0.7043667435646057,0.4956848621368408,0.696807324886322,0.8850072622299194
279,0.18716688454151154,0.6495556831359863,0.0001250000059371814,0.6933983564376831,0.6139760613441467,0.8608286380767822,0.10454194247722626,0.7026348114013672,0.4975878596305847,0.6944423913955688,0.8853604793548584
280,0.1735505759716034,0.6778401136398315,0.0001250000059371814,0.6629306077957153,0.6652295589447021,0.8639418482780457,0.10566532611846924,0.7005935907363892,0.5000799298286438,0.6912277936935425,0.8861134648323059
281,0.1739654839038849,0.6676104068756104,0.0001250000059371814,0.6990993022918701,0.6646020412445068,0.8407089710235596,0.10654421150684357,0.6989624500274658,0.5020710229873657,0.6888859868049622,0.8868385553359985
282,0.17211467027664185,0.6884899735450745,0.0001250000059371814,0.6825447082519531,0.6855148077011108,0.8437801599502563,0.106375552713871,0.6992387175559998,0.5014545917510986,0.688499391078949,0.8869873285293579
283,0.16994765400886536,0.6756924390792847,6.25000029685907e-05,0.6671745777130127,0.6627488136291504,0.853611409664154,0.10634006559848785,0.6995458602905273,0.5009266138076782,0.6883782148361206,0.8871639370918274
284,0.178357794880867,0.6799713969230652,6.25000029685907e-05,0.7026324272155762,0.6722664833068848,0.8430164456367493,0.10590238124132156,0.7002915740013123,0.500150203704834,0.689623236656189,0.8865504264831543
285,0.17563754320144653,0.6716145277023315,6.25000029685907e-05,0.6827833652496338,0.6595524549484253,0.853595495223999,0.10553516447544098,0.7010889649391174,0.4991523325443268,0.6902801990509033,0.8864388465881348
286,0.1759859025478363,0.6609787940979004,6.25000029685907e-05,0.6890516877174377,0.643903374671936,0.8505147099494934,0.1049526184797287,0.7020835280418396,0.4980641007423401,0.6917873024940491,0.8859368562698364
287,0.17170056700706482,0.6623549461364746,6.25000029685907e-05,0.6617915630340576,0.6425013542175293,0.8638747930526733,0.10448452085256577,0.7029666900634766,0.49710434675216675,0.6929832100868225,0.8854069709777832
288,0.16949571669101715,0.6938668489456177,6.25000029685907e-05,0.679161548614502,0.6930022239685059,0.8475942015647888,0.10372471809387207,0.7042288184165955,0.49605581164360046,0.695452868938446,0.8843472003936768
289,0.16902810335159302,0.6615768074989319,6.25000029685907e-05,0.6720467805862427,0.6503702402114868,0.8538720607757568,0.10342090576887131,0.7049582600593567,0.4953538775444031,0.6964449286460876,0.8837894797325134
290,0.16779477894306183,0.6839377880096436,6.25000029685907e-05,0.6609699130058289,0.6735715270042419,0.8574913144111633,0.10300040245056152,0.7057392597198486,0.494617760181427,0.6975389122962952,0.8834269046783447
291,0.1689419448375702,0.6766169667243958,6.25000029685907e-05,0.6767460107803345,0.6684262156486511,0.8495922088623047,0.10243503004312515,0.70662522315979,0.49382874369621277,0.6991774439811707,0.8826553225517273
292,0.17586125433444977,0.6726899147033691,6.25000029685907e-05,0.6800522804260254,0.6557478904724121,0.8533845543861389,0.10170227289199829,0.7077667117118835,0.49299541115760803,0.7016137838363647,0.8814654350280762
293,0.17238858342170715,0.6894230842590332,6.25000029685907e-05,0.6744976043701172,0.6797598004341125,0.8509138226509094,0.10076039284467697,0.7092106342315674,0.49191582202911377,0.7045431137084961,0.8799780607223511
294,0.17297160625457764,0.6734594106674194,6.25000029685907e-05,0.674467921257019,0.6607300043106079,0.8541504740715027,0.10033659636974335,0.7100951671600342,0.490984708070755,0.7057064175605774,0.8794760704040527
295,0.17054492235183716,0.6787465214729309,6.25000029685907e-05,0.6674532294273376,0.6683723330497742,0.8576142191886902,0.10020719468593597,0.7105873823165894,0.49004918336868286,0.7057306170463562,0.8799129724502563
296,0.1613364815711975,0.7083081007003784,6.25000029685907e-05,0.664387047290802,0.7171177864074707,0.844053328037262,0.09995348751544952,0.7110775709152222,0.48933517932891846,0.706213653087616,0.879996657371521
297,0.17739790678024292,0.6756824254989624,6.25000029685907e-05,0.6740694046020508,0.6561288237571716,0.8600576519966125,0.09981320798397064,0.7113772034645081,0.48866644501686096,0.706044614315033,0.88028484582901
298,0.17731142044067383,0.6748912334442139,6.25000029685907e-05,0.6797155737876892,0.657749593257904,0.8571557998657227,0.09959901869297028,0.7117000818252563,0.4882556200027466,0.7066884636878967,0.8801546692848206
299,0.16435354948043823,0.6998676061630249,6.25000029685907e-05,0.6536415815353394,0.6979367136955261,0.8556482195854187,0.09935087710618973,0.7121381759643555,0.48766618967056274,0.707144021987915,0.8802290558815002
300,0.16886158287525177,0.6819268465042114,6.25000029685907e-05,0.649566650390625,0.6659675240516663,0.8662979602813721,0.09934885054826736,0.7123648524284363,0.48713549971580505,0.707002580165863,0.8807496428489685
301,0.1692672073841095,0.6812916994094849,6.25000029685907e-05,0.6607285737991333,0.6687416434288025,0.8592322468757629,0.09932340681552887,0.7126481533050537,0.48667970299720764,0.7069956064224243,0.8810564279556274
302,0.1688103973865509,0.6646480560302734,6.25000029685907e-05,0.6497288942337036,0.6416921019554138,0.8708314895629883,0.09952926635742188,0.7125396728515625,0.4865087568759918,0.7066682577133179,0.8816141486167908
303,0.17099124193191528,0.6802889108657837,6.25000029685907e-05,0.6835653781890869,0.67628014087677,0.8483223915100098,0.09961074590682983,0.7126495242118835,0.48617079854011536,0.7065736055374146,0.8819953203201294
304,0.16744695603847504,0.6839308738708496,6.25000029685907e-05,0.6613101959228516,0.6747379302978516,0.8561360239982605,0.0996360033750534,0.7130200266838074,0.4856199026107788,0.706583559513092,0.8821719288825989
305,0.17631414532661438,0.6667877435684204,6.25000029685907e-05,0.6817185282707214,0.6474303603172302,0.8556909561157227,0.10003826767206192,0.7129296660423279,0.48518508672714233,0.7051166892051697,0.8832967877388
306,0.17760705947875977,0.6554461121559143,6.25000029685907e-05,0.6861098408699036,0.6334863901138306,0.8582299947738647,0.10080735385417938,0.7121928334236145,0.4851790964603424,0.7027879357337952,0.884867787361145
307,0.1591135710477829,0.711798906326294,6.25000029685907e-05,0.6381058692932129,0.7128061652183533,0.8604708909988403,0.10119005292654037,0.7117007374763489,0.4852614104747772,0.7018632292747498,0.8856021761894226
308,0.1747891902923584,0.68366539478302,6.25000029685907e-05,0.6868772506713867,0.6723833680152893,0.8471946120262146,0.10149124264717102,0.7114129066467285,0.48516684770584106,0.7010219693183899,0.8863458633422852
309,0.17575937509536743,0.6678544878959656,6.25000029685907e-05,0.6896975636482239,0.6597860455513,0.849593997001648,0.10154871642589569,0.7115346789360046,0.48477059602737427,0.7008913159370422,0.8867084383964539
310,0.17318189144134521,0.6637275218963623,6.25000029685907e-05,0.6762004494667053,0.643010139465332,0.8562026619911194,0.10155798494815826,0.7114093899726868,0.48481911420822144,0.7010892629623413,0.8867177367210388
311,0.18086794018745422,0.659497857093811,6.25000029685907e-05,0.6868963837623596,0.6350315809249878,0.8578070998191833,0.10147787630558014,0.7111786007881165,0.4853461980819702,0.7018308639526367,0.8862529397010803
312,0.16895927488803864,0.688251793384552,6.25000029685907e-05,0.6724177002906799,0.6816927790641785,0.8494886159896851,0.10135287791490555,0.7110636830329895,0.48579633235931396,0.70273756980896,0.8857974410057068
313,0.1758182942867279,0.6829007863998413,6.25000029685907e-05,0.6863609552383423,0.6722959280014038,0.849452555179596,0.10124167799949646,0.7109624147415161,0.486098051071167,0.7034419178962708,0.8853511810302734
314,0.16928482055664062,0.6801832914352417,6.25000029685907e-05,0.6595675945281982,0.6659342050552368,0.8590401411056519,0.10104114562273026,0.7111539840698242,0.4859028160572052,0.7042230367660522,0.885155975818634
315,0.16904309391975403,0.6671244502067566,6.25000029685907e-05,0.6661697626113892,0.6518293619155884,0.855638861656189,0.10103535652160645,0.7110461592674255,0.4859381318092346,0.7043119072914124,0.8850908875465393
316,0.17716474831104279,0.6658258438110352,6.25000029685907e-05,0.6704298257827759,0.6371252536773682,0.8650477528572083,0.1013457253575325,0.7105334997177124,0.48631811141967773,0.7032886147499084,0.8854720592498779
317,0.16451644897460938,0.6807579398155212,6.25000029685907e-05,0.6601413488388062,0.6743156313896179,0.8506762385368347,0.101710744202137,0.7100427746772766,0.486669659614563,0.7020807862281799,0.886085569858551
318,0.166758731007576,0.6893995404243469,6.25000029685907e-05,0.6537995338439941,0.6789277195930481,0.857023298740387,0.10196929425001144,0.7096986174583435,0.48710209131240845,0.7014684677124023,0.8863365650177002
319,0.17076484858989716,0.676203727722168,6.25000029685907e-05,0.6718767881393433,0.6647141575813293,0.8524309992790222,0.1022723913192749,0.7093265056610107,0.48754817247390747,0.7004818320274353,0.8865225315093994
320,0.16789960861206055,0.6793952584266663,3.125000148429535e-05,0.6700421571731567,0.6740198731422424,0.8499343395233154,0.10246323049068451,0.7091633081436157,0.48762744665145874,0.6998752951622009,0.8867828249931335
321,0.17318794131278992,0.6776864528656006,3.125000148429535e-05,0.6841747760772705,0.6654484868049622,0.8468121886253357,0.10247956216335297,0.7092527151107788,0.4874362349510193,0.6996817588806152,0.8869408369064331
322,0.17276763916015625,0.6774276494979858,3.125000148429535e-05,0.6851003170013428,0.6703224182128906,0.8482649326324463,0.10245493799448013,0.7093635201454163,0.48723238706588745,0.699650228023529,0.8870245218276978
323,0.16880899667739868,0.6753968000411987,3.125000148429535e-05,0.6775801181793213,0.672096848487854,0.8482255935668945,0.10229672491550446,0.7096835970878601,0.48680180311203003,0.699757993221283,0.886959433555603
324,0.16455775499343872,0.6894159317016602,3.125000148429535e-05,0.6478391289710999,0.6792126893997192,0.8609284162521362,0.10201609879732132,0.7100726962089539,0.4864288568496704,0.7004693150520325,0.8866433501243591
325,0.1696814000606537,0.6834847927093506,3.125000148429535e-05,0.6853994131088257,0.6816014051437378,0.839188277721405,0.10167130827903748,0.7105628252029419,0.48598045110702515,0.7014045715332031,0.8861971497535706
326,0.16725797951221466,0.6684868335723877,3.125000148429535e-05,0.6720497608184814,0.6606680154800415,0.8503212928771973,0.10149019956588745,0.7108228206634521,0.4857998490333557,0.7019166946411133,0.8858067393302917
327,0.16885145008563995,0.6800836324691772,3.125000148429535e-05,0.6602276563644409,0.6680006980895996,0.857006311416626,0.10137265920639038,0.711074948310852,0.4855523109436035,0.7022104859352112,0.8856486678123474
328,0.18035723268985748,0.655571699142456,3.125000148429535e-05,0.6954920291900635,0.6311923861503601,0.8482499122619629,0.10135278850793839,0.7112317681312561,0.4853163957595825,0.7022532820701599,0.8856765627861023
329,0.1770438849925995,0.6782586574554443,3.125000148429535e-05,0.6747384071350098,0.6631235480308533,0.8593118786811829,0.10119388997554779,0.7114288806915283,0.4852873980998993,0.7027842998504639,0.8853140473365784
330,0.16420692205429077,0.6842325329780579,1.5625000742147677e-05,0.6591719388961792,0.6781604886054993,0.8553476929664612,0.10121060907840729,0.7114381194114685,0.4853028953075409,0.7028241753578186,0.8853511810302734
331,0.17897334694862366,0.6528701782226562,1.5625000742147677e-05,0.6894779205322266,0.6293888092041016,0.8557378053665161,0.10135047882795334,0.7113481760025024,0.48538386821746826,0.7025185227394104,0.8855278491973877
332,0.17694026231765747,0.6752125024795532,1.5625000742147677e-05,0.6837482452392578,0.6590054035186768,0.8511583805084229,0.10132842510938644,0.711401641368866,0.48534566164016724,0.7026076316833496,0.885444164276123
333,0.17160744965076447,0.6900622844696045,1.5625000742147677e-05,0.6718611121177673,0.6813141107559204,0.8507733941078186,0.1011868268251419,0.7115694284439087,0.48523810505867004,0.7029674649238586,0.8852768540382385
334,0.17581117153167725,0.6766200065612793,1.5625000742147677e-05,0.6854419708251953,0.6626810431480408,0.8502444624900818,0.1010856106877327,0.7117209434509277,0.4851314425468445,0.703136682510376,0.8850258588790894
